latitude,longitude,airbnbValue,cadastreValue,ratio
45.75179,4.845472,3798,260837,0.014560818
45.775623,4.82552,5894,302291,0.019497769
45.753372,4.779832,7431,188696,0.039380804
45.77728,4.8052244,0,96070,0.0
45.72577,4.82712,10320,300766,0.03431239
45.733795,4.878466,0,107450,0.0
45.753963,4.8691764,2216,209700,0.010567477
45.76763,4.8450985,7420,468730,0.015830008
45.762993,4.834682,2567,196750,0.013047014
45.74254,4.868091,4711,422750,0.011143702
45.769238,4.856455,7177,419983,0.017088788
45.76226,4.8274555,12248,202415,0.06050935
45.764854,4.868761,8466,79000,0.107164554
45.75494,4.80488,3522,199400,0.017662989
45.767773,4.83717,8006,178083,0.044956565
45.753914,4.831156,6547,183500,0.035678472
45.750553,4.828706,11067,695000,0.01592374
45.79167,4.8173566,18094,146837,0.12322507
45.767147,4.8108454,4114,222528,0.018487561
45.749237,4.8575034,12130,213575,0.05679504
45.751648,4.83936,3574,540000,0.0066185184
45.75146,4.843184,144,280900,5.1263795E-4
45.759167,4.8654633,6426,335700,0.019142091
45.766243,4.8182955,6850,287137,0.023856208
45.74426,4.8349867,1738,490000,0.0035469388
45.7524,4.7851386,2348,182100,0.012894014
45.73704,4.85184,4274,173287,0.024664285
45.76852,4.8346767,5856,221740,0.026409307
45.748272,4.877368,0,221763,0.0
45.770058,4.8309593,1049,222333,0.004718148
45.798157,4.83359,2609,315950,0.008257636
45.76311,4.8278823,10320,256121,0.040293455
45.732677,4.829448,2198,174007,0.012631676
45.75529,4.8522873,4588,230000,0.019947827
45.752987,4.7977834,17815,217900,0.08175769
45.75741,4.875319,6736,292536,0.023026226
45.776955,4.8223677,742,272475,0.0027231856
45.741627,4.859326,2196,160000,0.013725
45.74597,4.8506236,10525,302900,0.03474744
45.75137,4.8838534,4542,214000,0.0212243
45.74647,4.8418307,8,246543,3.24487E-5
45.7968,4.8195624,0,285625,0.0
45.754005,4.8420434,3097,208750,0.014835929
45.767105,4.8246083,5744,447258,0.012842699
45.773067,4.848985,3986,455175,0.008757072
45.753876,4.8230877,13152,221060,0.05949516
45.769455,4.8514094,9218,200666,0.04593703
45.752777,4.848166,3748,492342,0.0076125944
45.734306,4.8368144,6692,113450,0.058986336
45.75689,4.8426127,3510,272566,0.012877615
45.779785,4.8404484,5751,991655,0.005799396
45.755524,4.8736,0,191833,0.0
45.741585,4.8549166,16588,115987,0.14301603
45.764515,4.864713,22018,412000,0.053441748
45.764828,4.8375654,0,263055,0.0
45.762424,4.848332,4033,160000,0.02520625
45.743225,4.8223557,3184,226267,0.014071871
45.74511,4.845894,48,298800,1.6064256E-4
45.730793,4.863298,19759,174900,0.112973124
45.775547,4.80733,3024,249150,0.012137267
45.759243,4.8248954,2403,210728,0.011403326
45.775223,4.8024235,8689,137610,0.06314221
45.75885,4.8322864,11175,756285,0.014776176
45.740982,4.852279,4517,175000,0.025811428
45.770008,4.8066816,14703,102779,0.14305452
45.7687,4.8322377,7251,304037,0.02384907
45.770607,4.81695,0,363325,0.0
45.742447,4.839971,2444,243500,0.010036961
45.754776,4.875404,0,225166,0.0
45.738903,4.8856125,3103,163225,0.019010568
45.75577,4.8576107,4553,157375,0.028930897
45.7568,4.846204,0,385200,0.0
45.739006,4.875354,745,191900,0.0038822303
45.75739,4.8080673,49901,358300,0.13927156
45.760963,4.8359714,12852,530000,0.024249056
45.751705,4.854082,111,267606,4.147889E-4
45.752037,4.832352,3075,384139,0.008004915
45.7729,4.843974,5445,423487,0.012857538
45.77757,4.8317895,7174,283857,0.02527329
45.74881,4.872987,309,122500,0.002522449
45.77383,4.8267775,1210,330000,0.0036666666
45.779366,4.8055615,6772,204651,0.03309048
45.723858,4.885682,6388,558080,0.0114463875
45.75181,4.8574247,1265,235131,0.0053799795
45.75863,4.8411713,5731,204380,0.028040905
45.75288,4.8270955,0,309528,0.0
45.764656,4.8343997,9364,195200,0.047971312
45.779423,4.839113,5485,382125,0.014353942
45.73868,4.8826823,1507,154925,0.009727287
45.771523,4.834748,3317,349490,0.009490972
45.7338,4.855296,7120,214966,0.033121515
45.734924,4.8731217,4726,221216,0.021363735
45.778328,4.8342943,2526,296171,0.008528857
45.76756,4.834211,3435,163045,0.021067804
45.747227,4.8757706,12685,106857,0.11871005
45.76442,4.867277,5170,171470,0.030151047
45.732048,4.836745,1512,237500,0.0063663158
45.74378,4.8164716,3423,433421,0.007897633
45.74906,4.865983,869,94034,0.009241338
45.774895,4.8473115,8755,553430,0.015819525
45.776478,4.820126,11739,311550,0.037679344
45.7495,4.7865934,21290,169592,0.12553658
45.774128,4.836877,4181,263840,0.015846726
45.760773,4.801304,2644,220000,0.012018181
45.765396,4.84288,8575,312050,0.02747957
45.74798,4.8527875,7449,243016,0.030652303
45.748333,4.869422,5736,320000,0.017925
45.78055,4.8272157,4243,281800,0.015056778
45.754578,4.8282866,6241,387000,0.016126614
45.777233,4.837496,15379,376137,0.040886696
45.75666,4.8633356,6548,178166,0.036752243
45.766277,4.827869,8925,172600,0.051709153
45.74608,4.8645916,25654,288400,0.08895285
45.753296,4.816385,0,533333,0.0
45.76699,4.8307776,9946,935472,0.010632066
45.770794,4.8128467,103,294500,3.4974533E-4
45.750793,4.844395,10558,497150,0.021237051
45.7672,4.8352413,6103,275000,0.022192728
45.75885,4.8306007,18147,523327,0.034676217
45.771168,4.826216,6868,222150,0.030916048
45.75801,4.842449,2380,324666,0.0073306104
45.760612,4.867044,34714,303525,0.11436949
45.769726,4.8582244,0,533675,0.0
45.76495,4.858977,2887,322221,0.008959689
45.75253,4.850991,5079,324500,0.015651772
45.750267,4.818901,19995,194385,0.10286287
45.745102,4.884735,0,133000,0.0
45.772324,4.7931724,1586,210365,0.007539277
45.768368,4.826581,4668,360000,0.012966666
45.76686,4.854154,10485,233633,0.044878077
45.76311,4.8336673,5443,4297000,0.0012666977
45.765633,4.8332872,8974,309842,0.028963149
45.754303,4.845184,4016,308800,0.013005181
45.778767,4.808001,0,155000,0.0
45.756386,4.848964,5163,242100,0.0213259
45.76154,4.8444037,7468,221150,0.033768933
45.725124,4.872669,6519,168000,0.03880357
45.75058,4.8593025,85,399000,2.1303259E-4
45.748154,4.8506126,1052,97520,0.010787531
45.75588,4.8683395,9175,248325,0.03694755
45.73615,4.8654175,0,120408,0.0
45.744812,4.8722334,663,299485,0.0022138003
45.78791,4.802045,0,185000,0.0
45.751266,4.8109,0,224472,0.0
45.744556,4.8475823,426,338815,0.0012573233
45.753906,4.843201,6297,127173,0.04951523
45.749256,4.7742977,2087,359400,0.0058069006
45.770744,4.8377657,15827,274623,0.057631735
45.75445,4.8122663,5848,161000,0.03632298
45.77787,4.8260827,9375,337768,0.027755737
45.76425,4.828058,10991,344000,0.03195058
45.762726,4.841633,982,460000,0.0021347825
45.739285,4.836388,6624,255000,0.02597647
45.75281,4.886544,0,200000,0.0
45.770847,4.8031588,6748,205980,0.032760464
45.757492,4.8253565,0,290000,0.0
45.743187,4.8507423,0,141179,0.0
45.749794,4.8377237,1814,229733,0.0078961225
45.73031,4.854166,13237,226966,0.05832151
45.77503,4.8302507,3134,219750,0.014261661
45.75289,4.842369,4186,316250,0.013236363
45.748135,4.8455157,4587,250000,0.018348
45.76974,4.8533263,4829,236950,0.020379826
45.782307,4.815085,6688,215900,0.030977305
45.735977,4.8790784,0,185000,0.0
45.75263,4.8778276,0,208900,0.0
45.771885,4.825243,4612,188750,0.024434438
45.75292,4.84704,4366,257200,0.016975116
45.77534,4.8054514,15,124558,1.2042582E-4
45.769848,4.84752,18327,460480,0.039799776
45.747948,4.8355937,7694,106001,0.07258422
45.75502,4.8556056,7936,306933,0.025855806
45.767048,4.836436,8788,227664,0.038600747
45.732445,4.858946,801,178073,0.0044981553
45.759865,4.848726,748,196166,0.003813097
45.769855,4.842528,0,620225,0.0
45.752853,4.855691,0,345790,0.0
45.7514,4.85569,5461,253700,0.021525424
45.771923,4.8336163,5993,550660,0.010883303
45.75639,4.8521953,1563,1735000,9.0086454E-4
45.760136,4.80774,0,190000,0.0
45.75778,4.813967,7177,145700,0.04925875
45.771927,4.829293,6627,256566,0.025829611
45.77931,4.80235,0,280000,0.0
45.76047,4.826125,4254,353400,0.012037352
45.781155,4.838135,3476,235500,0.014760085
45.756027,4.829008,8712,343250,0.025380917
45.763115,4.8256445,7295,469860,0.015525902
45.762253,4.868359,8877,308732,0.028753093
45.766888,4.832542,6973,339331,0.020549256
45.75246,4.86643,10465,219895,0.047590896
45.7695,4.82229,3414,378474,0.009020435
45.754677,4.864424,4442,296166,0.014998346
45.773438,4.8002267,19790,314775,0.0628703
45.752934,4.891101,7132,182840,0.03900678
45.76802,4.81895,4782,140333,0.03407609
45.754837,4.838837,0,355000,0.0
45.746956,4.861798,14470,162950,0.088800244
45.76499,4.855227,2803,170000,0.016488235
45.75099,4.831608,0,168500,0.0
45.776245,4.832558,1778,332704,0.0053440896
45.778454,4.8367076,3027,188400,0.016066879
45.761875,4.793413,8600,188333,0.045663796
45.766098,4.826676,9934,326850,0.030393146
45.76372,4.8482947,5725,123000,0.046544716
45.728237,4.879697,5956,163116,0.03651389
45.771946,4.826935,8530,205000,0.041609757
45.771004,4.850768,7800,274940,0.028369825
45.741436,4.85106,5987,170858,0.035040796
45.79369,4.822815,0,161650,0.0
45.77923,4.8316054,554,132000,0.00419697
45.739933,4.8692126,0,229000,0.0
45.74969,4.843547,19,213575,8.896172E-5
45.760555,4.786462,4706,176125,0.02671966
45.755432,4.845185,386,470000,8.2127657E-4
45.774456,4.810035,3698,432000,0.008560185
45.76907,4.825693,2710,372850,0.0072683385
45.753284,4.888307,3406,170000,0.020035295
45.774754,4.834858,2475,331477,0.007466581
45.7615,4.833254,11807,376290,0.031377394
45.76981,4.829481,11785,429106,0.027464077
45.730503,4.874417,14,265000,5.283019E-5
45.7347,4.8520174,0,170328,0.0
45.76758,4.8011074,0,140500,0.0
45.75448,4.841195,3088,286800,0.0107670855
45.74619,4.8246226,335,229285,0.0014610637
45.77334,4.8276443,18131,226860,0.079921536
45.75561,4.8272047,0,389721,0.0
45.7449,4.8193474,16069,280926,0.057200115
45.76013,4.8330455,9248,569450,0.016240232
45.753067,4.8289394,0,139000,0.0
45.7676,4.8122993,2174,261788,0.008304429
45.755135,4.8233337,8174,268966,0.030390458
45.7819,4.82092,6830,360000,0.018972222
45.776146,4.8449965,0,739800,0.0
45.756187,4.8354554,5253,185000,0.028394595
45.75759,4.8101063,11937,360500,0.033112343
45.780045,4.812775,0,231500,0.0
45.747616,4.78742,2995,170325,0.017584031
45.78592,4.81903,3067,345848,0.008868057
45.776096,4.8347034,5600,353873,0.015824886
45.758457,4.834883,8746,292820,0.029868178
45.77983,4.80421,20749,333200,0.062271908
45.776333,4.839853,22083,274334,0.080496766
45.763374,4.8329983,8338,567216,0.014699867
45.77076,4.833546,7936,269498,0.029447343
45.72479,4.8763785,0,191795,0.0
45.763187,4.8571134,1093,152000,0.0071907896
45.749245,4.839688,1638,180000,0.0091
45.776836,4.813046,14666,195325,0.07508511
45.805084,4.8361535,8581,118000,0.07272034
45.740067,4.8401914,0,325000,0.0
45.73721,4.87021,4794,316000,0.015170886
45.769863,4.8358393,5684,300333,0.01892566
45.759212,4.8337812,5691,343325,0.01657613
45.75748,4.791442,0,218297,0.0
45.752644,4.802015,21329,274666,0.07765432
45.7808,4.839652,0,238040,0.0
45.76842,4.852125,105,206900,5.074915E-4
45.7418,4.876173,0,235450,0.0
45.768063,4.8035827,0,141012,0.0
45.76658,4.8231463,8135,276100,0.029463962
45.73299,4.875859,0,183528,0.0
45.753387,4.8405814,2918,216025,0.013507696
45.741013,4.853529,0,192000,0.0
45.76804,4.8481784,4429,372225,0.011898717
45.78584,4.8039064,9559,108291,0.08827142
45.760067,4.87084,0,327533,0.0
45.748257,4.879695,0,129000,0.0
45.781307,4.8063526,0,181962,0.0
45.754925,4.81547,0,214716,0.0
45.75616,4.874387,3874,135995,0.028486341
45.78888,4.819315,0,307000,0.0
45.739143,4.8659124,355,168000,0.0021130953
45.758373,4.823558,8631,223136,0.038680445
45.773705,4.823605,9598,331394,0.028962504
45.748592,4.8554845,51,233083,2.1880618E-4
45.74971,4.841229,16361,101336,0.161453
45.735855,4.8578134,0,248922,0.0
45.75391,4.867133,3813,266040,0.014332431
45.761795,4.826046,11953,335000,0.035680596
45.75165,4.807747,6907,262595,0.026302861
45.73414,4.835171,101,240500,4.199584E-4
45.735275,4.82405,0,329926,0.0
45.73378,4.865568,0,175425,0.0
45.748745,4.811875,1293,386750,0.003343245
45.774895,4.8042374,0,248533,0.0
45.747364,4.854685,0,290800,0.0
45.772305,4.8361745,2535,368780,0.006874017
45.74137,4.841573,0,180500,0.0
45.761566,4.8668065,3398,160250,0.021204367
45.75523,4.8314,5241,464029,0.011294553
45.74457,4.81746,4089,297997,0.013721615
45.745163,4.86554,0,251024,0.0
45.76339,4.8604765,16,275000,5.8181817E-5
45.736908,4.834875,0,338000,0.0
45.77536,4.8431644,2041,192500,0.010602597
45.777218,4.803834,3864,211797,0.018243885
45.751526,4.841512,1857,233000,0.007969957
45.73626,4.887476,0,168083,0.0
45.767193,4.8462424,9826,487500,0.020155897
45.763596,4.8684735,434,303666,0.0014292018
45.756905,4.8309054,2342,607027,0.003858148
45.735256,4.8392367,13726,227500,0.060334068
45.75634,4.8500443,0,167500,0.0
45.769264,4.816769,11090,151666,0.0731212
45.732185,4.871942,0,181193,0.0
45.75708,4.8669024,10552,215010,0.049076788
45.746407,4.8228245,3807,236077,0.016126094
45.77065,4.795282,2613,491496,0.005316422
45.736958,4.8273473,4562,244450,0.018662304
45.74733,4.8486047,2310,274700,0.008409173
45.75337,4.85316,5151,541000,0.009521257
45.751114,4.8670273,9301,268816,0.034599874
45.746788,4.846813,1715,217244,0.007894349
45.74432,4.8625317,11663,247200,0.04718042
45.76643,4.863058,9214,258650,0.03562343
45.74404,4.844925,6804,237240,0.028679818
45.7415,4.886357,32627,330050,0.09885472
45.75029,4.8496547,1059,275000,0.0038509092
45.765324,4.8568096,12873,565900,0.022747835
45.753513,4.873691,1651,272575,0.0060570487
45.772587,4.826155,5429,195630,0.027751368
45.75739,4.848953,949,169500,0.0055988203
45.75934,4.85026,7808,214500,0.036400933
45.756927,4.872642,6859,248795,0.027568882
45.73061,4.8278966,9895,192537,0.05139272
45.77184,4.8324556,782,281037,0.0027825518
45.74766,4.8829618,9773,201533,0.0484933
45.7578,4.8648357,3173,218825,0.014500171
45.73636,4.853662,10344,157108,0.06584006
45.742336,4.835802,0,75750,0.0
45.741035,4.879358,0,244000,0.0
45.74709,4.842819,1619,380016,0.0042603468
45.752865,4.8715215,8334,177900,0.046846543
45.75852,4.7948275,0,220533,0.0
45.751232,4.85024,8017,1830000,0.0043808743
45.769356,4.830305,5778,273358,0.021137116
45.747265,4.8576117,1236,274265,0.0045065903
45.801113,4.8326416,3933,210000,0.018728571
45.776432,4.830722,5414,462211,0.011713265
45.764603,4.8361306,5983,315000,0.018993651
45.785046,4.810692,4235,247068,0.01714103
45.73264,4.85287,7336,185233,0.039604176
45.75889,4.868985,5767,258725,0.022290077
45.762295,4.8360963,12108,859550,0.01408644
45.747654,4.840285,0,282950,0.0
45.77253,4.845932,6154,440000,0.013986364
45.762035,4.8700366,2964,263228,0.0112602
45.773846,4.806969,0,1192500,0.0
45.76957,4.831892,12897,405839,0.03177861
45.756905,4.8415284,4344,148875,0.029178841
45.76657,4.8553853,17307,294950,0.05867774
45.753838,4.8572583,2750,306500,0.008972268
45.749413,4.844836,1153,350000,0.0032942856
45.740314,4.8642673,2679,170842,0.015681155
45.75435,4.846273,0,311750,0.0
45.75065,4.8521404,0,208083,0.0
45.769997,4.828356,3515,324387,0.010835823
45.7661,4.8211007,10304,395030,0.026084095
45.76067,4.8275747,10479,160700,0.065208465
45.770042,4.8493567,9640,327500,0.029435115
45.766495,4.829648,8476,779500,0.010873637
45.748238,4.8839855,4897,130000,0.03766923
45.779827,4.7976766,6572,242000,0.027157025
45.776054,4.8034444,8209,339493,0.024180174
45.755264,4.79012,19620,419150,0.046809018
45.75892,4.847623,5674,325050,0.017455775
45.76755,4.8316483,4493,367912,0.012212159
45.777428,4.83883,7187,233450,0.030786036
45.75209,4.824616,0,191700,0.0
45.774746,4.822179,2405,327750,0.00733791
45.749084,4.847287,7074,238800,0.029623115
45.74466,4.833347,5287,249230,0.021213338
45.760845,4.8321795,4329,2020000,0.0021430694
45.743835,4.870175,5896,199333,0.029578645
45.738014,4.867327,29,275666,1.0519977E-4
45.73872,4.829071,7984,147824,0.054010175
45.76377,4.8631315,3337,285000,0.011708772
45.73356,4.838499,5941,197718,0.030047845
45.743332,4.8642287,0,296958,0.0
45.773,4.83844,6125,271150,0.022588972
45.76249,4.798092,6562,129000,0.050868217
45.76825,4.8360343,4435,181750,0.02440165
45.747955,4.881329,5813,155752,0.037322152
45.771156,4.8361034,13968,218133,0.06403433
45.768055,4.8439493,6656,618730,0.01075752
45.77889,4.811212,9163,293500,0.031219762
45.75729,4.8245263,4668,222187,0.02100933
45.7714,4.8051243,0,316882,0.0
45.76989,4.8269734,1496,315000,0.0047492064
45.766476,4.8441024,13188,351250,0.03754591
45.73781,4.8308787,0,247500,0.0
45.743427,4.824464,1082,255141,0.0042407922
45.752213,4.849203,2165,329616,0.0065682493
45.777916,4.809434,5765,254100,0.022687918
45.753036,4.829939,3596,330000,0.01089697
45.784107,4.794774,1917,168250,0.011393759
45.778477,4.832997,3252,354475,0.009174131
45.75519,4.8658547,8211,261000,0.03145977
45.75578,4.8168173,1190,120000,0.009916667
45.758453,4.8263535,27624,354800,0.07785795
45.757362,4.8158,4017,185000,0.021713514
45.769863,4.85959,2198,209500,0.010491647
45.765938,4.8376575,7514,428000,0.017556075
45.75292,4.8434286,2655,252250,0.010525272
45.76922,4.823867,15628,260966,0.059885196
45.777138,4.833828,2123,306625,0.006923767
45.771664,4.810706,6451,316690,0.020370077
45.74064,4.866987,49549,336500,0.14724815
45.75692,4.801276,4646,217900,0.021321706
45.74635,4.878773,0,160000,0.0
45.763687,4.79067,386,189387,0.0020381548
45.756065,4.856188,4955,211875,0.02338643
45.748547,4.78451,5541,416100,0.01331651
45.767994,4.8300643,1394,353600,0.0039423076
45.773537,4.8057065,190,167948,0.0011313026
45.774773,4.8318057,0,240000,0.0
45.751884,4.844432,615,278243,0.002210298
45.753193,4.78195,4399,215680,0.020395957
45.7631,4.851784,3568,130000,0.027446155
45.779247,4.82839,19764,369966,0.053421125
45.74306,4.871999,1005,288000,0.0034895833
45.772423,4.834312,10837,290073,0.03735956
45.75248,4.839984,1489,253666,0.0058699236
45.762627,4.843184,4941,193433,0.025543729
45.757603,4.8353,10212,333593,0.030612154
45.76376,4.829029,6787,625000,0.0108592
45.736046,4.8370957,1781,115677,0.015396319
45.760906,4.8204327,26841,224000,0.11982589
45.753754,4.8552,8959,290025,0.03089044
45.7666,4.849028,3814,526340,0.0072462666
45.776222,4.8062844,8022,202900,0.03953672
45.751644,4.829384,7523,535916,0.014037647
45.769783,4.825085,2375,265025,0.008961419
45.74595,4.873526,618,413000,0.0014963681
45.738216,4.864505,31188,235190,0.13260768
45.769775,4.854864,4016,300987,0.013342769
45.78048,4.8348327,8056,153843,0.052365072
45.748558,4.8633747,8397,224056,0.037477236
45.786755,4.791245,10954,189300,0.05786582
45.763416,4.86954,3453,205302,0.016819125
45.7666,4.841581,3294,641900,0.0051316405
45.782036,4.8235183,42,245000,1.7142858E-4
45.763836,4.826638,13881,344400,0.040304877
45.741604,4.821179,0,265196,0.0
45.75334,4.839543,8644,125000,0.069152
45.773094,4.8296666,8103,285500,0.028381787
45.767185,4.814452,10032,165000,0.0608
45.745556,4.8386145,0,190000,0.0
45.770805,4.831997,9734,245095,0.03971521
45.777348,4.824219,1126,384758,0.002926515
45.76732,4.857399,9536,295000,0.032325424
45.75359,4.80886,0,204500,0.0
45.789116,4.815797,2199,135000,0.01628889
45.754646,4.8680534,9407,183800,0.05118063
45.743546,4.8491945,2712,191900,0.014132361
45.772102,4.828245,2600,256978,0.010117598
45.74377,4.820898,8908,250000,0.035632
45.752926,4.8646183,5454,235000,0.02320851
45.748844,4.8485537,5885,279380,0.0210645
45.754883,4.8439374,7615,302500,0.025173554
45.759174,4.845864,8397,189900,0.04421801
45.740974,4.88156,2094,194210,0.010782143
45.7548,4.8264494,16896,244975,0.0689703
45.77056,4.8366847,2226,516542,0.004309427
45.738453,4.8192034,29298,330287,0.088704675
45.74721,4.8672414,17317,308425,0.05614655
45.777924,4.8070374,4007,309375,0.012951919
45.773376,4.8024316,9170,235618,0.038918927
45.76365,4.83828,0,725775,0.0
45.76287,4.8661323,13511,185900,0.07267886
45.737755,4.825522,0,231531,0.0
45.762493,4.78758,0,790000,0.0
45.741863,4.8618674,1224,191840,0.006380317
45.74977,4.85421,0,327375,0.0
45.768738,4.8292603,3311,256746,0.012896014
45.74689,4.8705325,0,276810,0.0
45.757675,4.829315,18212,374700,0.048604216
45.750187,4.822602,22015,200000,0.110075
45.744442,4.849919,1107,402000,0.0027537313
45.7495,4.8525677,0,290500,0.0
45.755405,4.8424277,581,369966,0.0015704146
45.77523,4.828742,5218,388945,0.013415779
45.765987,4.8356175,4729,258333,0.01830583
45.76458,4.853778,5670,355300,0.015958345
45.75142,4.787463,5382,323000,0.016662538
45.798615,4.83114,0,277000,0.0
45.77534,4.8381286,521,240810,0.0021635315
45.78086,4.825398,0,420950,0.0
45.75043,4.842502,7259,410086,0.017701166
45.757202,4.847563,1608,332750,0.004832457
45.730885,4.8387866,0,220000,0.0
45.742046,4.8236847,11420,387000,0.029509043
45.736324,4.855695,0,208666,0.0
45.755356,4.79749,9445,274080,0.034460742
45.753086,4.8255157,2957,409475,0.007221442
45.76083,4.834104,11145,596046,0.018698221
45.750423,4.871526,9023,150000,0.06015333
45.75588,4.846698,0,280200,0.0
45.749687,4.835209,740,347400,0.0021301094
45.775093,4.800518,0,203857,0.0
45.74826,4.8469386,0,280770,0.0
45.756374,4.823469,8910,188750,0.0472053
45.754402,4.8024235,0,202700,0.0
45.74228,4.8742857,8033,241274,0.033294097
45.74694,4.8210535,0,283569,0.0
45.770992,4.8481736,2483,151000,0.016443709
45.7808,4.836232,0,222666,0.0
45.765545,4.8319926,5940,410466,0.014471357
45.744854,4.8777986,2223,291133,0.0076356856
45.76243,4.828889,8498,377245,0.022526475
45.751583,4.869776,5620,281650,0.019953843
45.737823,4.881092,10600,136997,0.07737396
45.777924,4.84094,219,206802,0.001058984
45.758934,4.872305,0,236666,0.0
45.73631,4.829254,9299,206000,0.045140777
45.76564,4.8287416,3791,335125,0.011312197
45.73286,4.8397574,17691,193000,0.09166321
45.752827,4.8810077,2327,239800,0.00970392
45.761044,4.8462214,16612,400950,0.0414316
45.76244,4.8324323,2474,845984,0.0029244053
45.757217,4.8573327,1813,369300,0.0049092877
45.766796,4.8258557,8373,319791,0.026182726
45.774654,4.79626,0,201541,0.0
45.744152,4.86682,22255,295324,0.075357914
45.77433,4.8262115,5769,242500,0.02378969
45.749397,4.8465543,0,218300,0.0
45.769886,4.8627167,24316,505000,0.048150495
45.775707,4.8232245,6113,252557,0.024204437
45.73798,4.839968,6084,238950,0.025461394
45.73955,4.83148,0,167800,0.0
45.752907,4.7778945,19499,156123,0.12489512
45.76936,4.8369393,8901,308916,0.028813658
45.77572,4.8368764,1168,293712,0.0039766845
45.77317,4.832549,3580,330000,0.010848485
45.7745,4.8244944,3223,253712,0.012703381
45.757504,4.8684382,5482,350000,0.015662856
45.76899,4.846177,9453,544500,0.017360881
45.770924,4.827701,6317,264850,0.023851236
45.768806,4.8279324,5195,200535,0.025905702
45.746162,4.8376775,0,79215,0.0
45.771824,4.806653,0,188513,0.0
45.72343,4.8827834,23742,133062,0.1784281
45.747505,4.8444424,0,74250,0.0
45.753693,4.8514996,6860,274500,0.024990892
45.73505,4.833773,0,463300,0.0
45.765526,4.79325,8810,149000,0.059127517
45.75814,4.863249,2427,327150,0.0074186153
45.75006,4.830042,2627,197641,0.013291776
45.777153,4.801956,10281,226272,0.045436464
45.755344,4.847225,7464,214676,0.034768675
45.76198,4.8346553,8731,306854,0.028453272
45.77049,4.8347454,5248,375117,0.013990302
45.766754,4.865798,9748,318983,0.030559622
45.75055,4.8644423,2823,267803,0.010541331
45.76843,4.854185,3014,262881,0.011465264
45.746147,4.8867345,0,246333,0.0
45.767307,4.8557706,277,399400,6.935403E-4
45.74787,4.841771,0,210990,0.0
45.752934,4.869012,0,292920,0.0
45.762646,4.867639,8531,260500,0.03274856
45.745823,4.843941,15800,300033,0.052660875
45.756943,4.827911,2572,280000,0.009185715
45.76355,4.831871,5587,327666,0.0170509
45.789967,4.8140273,3187,278000,0.011464029
45.76929,4.835111,8601,282169,0.030481733
45.77992,4.8232026,0,621909,0.0
45.755413,4.869599,8436,215952,0.039064236
45.76567,4.868385,0,2550000,0.0
45.772644,4.82303,19490,321800,0.06056557
45.743732,4.836892,0,243930,0.0
45.748123,4.833918,5785,283000,0.020441696
45.76383,4.7878885,12586,159716,0.07880238
45.759342,4.842688,9661,469625,0.020571733
45.752636,4.7752085,6141,243633,0.025205946
45.76847,4.80859,6165,321425,0.019180214
45.750225,4.88818,0,241414,0.0
45.75205,4.8932567,6220,230084,0.027033605
45.754925,4.8588843,11247,239433,0.046973474
45.76874,4.8493967,7186,505000,0.014229703
45.74921,4.8427033,1605,186283,0.008615923
45.75505,4.829887,9277,473333,0.01959931
45.759968,4.844442,1158,499000,0.0023206412
45.75945,4.8265047,3308,146081,0.02264497
45.753044,4.841374,4811,240390,0.020013312
45.75166,4.8472943,4432,206933,0.02141756
45.74753,4.8391666,111,268313,4.1369593E-4
45.768906,4.8331428,7056,279400,0.025254115
45.779106,4.830611,0,253750,0.0
45.771587,4.8525696,2787,227650,0.012242477
45.770123,4.832839,3743,228800,0.016359266
45.762486,4.853332,8435,183623,0.04593651
45.74158,4.865548,7883,292710,0.026931092
45.75398,4.849148,0,447550,0.0
45.75429,4.847653,0,301850,0.0
45.76637,4.8517194,16716,299250,0.055859648
45.748688,4.8460116,25,257600,9.704969E-5
45.726677,4.8716435,0,118500,0.0
45.740135,4.857765,0,165000,0.0
45.748577,4.8286586,9410,202375,0.046497837
45.756054,4.844184,2747,389000,0.0070616966
45.75161,4.874779,85,201500,4.2183622E-4
45.776707,4.835957,4616,252208,0.018302353
45.74471,4.8604975,1621,226106,0.007169204
45.739544,4.8514514,5560,216252,0.025710745
45.750595,4.847181,5232,202100,0.025888175
45.756397,4.8542457,10721,316350,0.033889677
45.794926,4.8185973,0,253000,0.0
45.757847,4.846771,0,427250,0.0
45.77885,4.835739,5983,523225,0.011434851
45.730675,4.83435,236,200786,0.0011753808
45.77239,4.831385,2053,253275,0.0081058135
45.75131,4.8261623,8068,293114,0.027525127
45.748592,4.8675113,9640,181500,0.053112946
45.765438,4.867174,11904,564266,0.021096433
45.77443,4.846009,2233,429280,0.005201733
45.766617,4.8340197,0,320000,0.0
45.7533,4.832395,17588,314620,0.05590236
45.772366,4.801288,0,233320,0.0
45.75809,4.798206,8173,165731,0.049314853
45.779167,4.8345394,0,271942,0.0
45.772423,4.82404,0,269000,0.0
45.740917,4.8706274,5232,235000,0.02226383
45.753017,4.84616,9171,300583,0.030510707
45.74656,4.8341827,0,282600,0.0
45.759132,4.836332,3621,430815,0.008405
45.779957,4.8380766,0,280716,0.0
45.739918,4.86241,3161,111401,0.02837497
45.75063,4.84597,0,231800,0.0
45.74842,4.8440776,8061,312180,0.025821641
45.756165,4.8189664,12045,311203,0.03870464
45.76785,4.816433,7537,233152,0.03232655
45.7498,4.831074,0,184500,0.0
45.751144,4.8485546,1882,394000,0.0047766496
45.77399,4.807846,4095,238476,0.01717154
45.74735,4.837178,896,155000,0.005780645
45.751602,4.830548,2141,327712,0.0065331752
45.781548,4.836699,2365,297000,0.007962963
45.775135,4.8334126,1892,485325,0.0038984185
45.75538,4.849933,0,1700,0.0
45.773903,4.828938,15768,350000,0.04505143
45.75425,4.839876,3830,269500,0.014211503
45.757286,4.812118,7611,272188,0.027962292
45.73505,4.850213,4221,196710,0.021457983
45.772884,4.815246,30084,260836,0.11533684
45.72593,4.8791137,6599,205280,0.03214634
45.748974,4.859488,0,345000,0.0
45.771378,4.8422723,0,374275,0.0
45.767605,4.842566,865,440956,0.001961647
45.77993,4.8330283,2386,312975,0.007623612
45.76141,4.865092,14288,341037,0.041895747
45.769814,4.861604,0,335000,0.0
45.76317,4.864997,8681,200000,0.043405
45.8007,4.82582,17978,171413,0.10488119
45.755234,4.833129,4736,584350,0.008104731
45.771152,4.830449,4216,334650,0.012598237
45.771313,4.8436165,17209,300500,0.057267886
45.766293,4.847788,4330,186600,0.023204716
45.72817,4.85138,23069,202000,0.11420297
45.74499,4.8224187,5464,308750,0.017697167
45.756306,4.8432193,1002,87700,0.011425314
45.758507,4.8252573,7553,182500,0.041386303
45.7623,4.8337417,9646,139300,0.06924623
45.774513,4.8026466,8580,211434,0.040580038
45.754898,4.8718467,13493,309750,0.043560937
45.742485,4.851635,2082,205875,0.010112933
45.755386,4.86694,7280,283335,0.025693966
45.771423,4.800075,0,276817,0.0
45.763668,4.835307,10350,337896,0.030630726
45.772903,4.8351164,3601,358350,0.010048835
45.786755,4.795495,38019,128500,0.2958677
45.72898,4.83012,1447,230050,0.006289937
45.778336,4.82703,1051,387000,0.0027157622
45.760506,4.8433733,0,340000,0.0
45.74988,4.8558493,155,215850,7.1809127E-4
45.77528,4.835853,7136,304340,0.02344746
45.76836,4.855687,0,272650,0.0
45.76792,4.833217,11262,823240,0.013680093
45.74288,4.87811,0,181050,0.0
45.772465,4.8040314,14359,187479,0.07658991
45.75921,4.855265,18542,215800,0.08592215
45.747665,4.827757,6411,133000,0.048203006
45.765034,4.8277335,7952,232033,0.034270987
45.75381,4.8267565,1031,299650,0.0034406807
45.77242,4.837269,0,378461,0.0
45.75694,4.858934,807,142500,0.005663158
45.7521,4.8278246,5804,544616,0.01065705
45.771748,4.8178716,2758,2276507,0.0012115052
45.7685,4.8310065,3997,290813,0.013744228
45.77748,4.8351684,4123,266015,0.015499126
45.77164,4.8470316,9207,334366,0.027535694
45.73688,4.839119,35332,235571,0.14998451
45.756477,4.855203,5275,109283,0.04826917
45.739376,4.8797526,6010,168190,0.035733398
45.753147,4.8447104,824,190640,0.004322283
45.765266,4.8653483,4077,342500,0.011903649
45.76964,4.8337946,14616,477528,0.03060763
45.77545,4.8272433,8679,294930,0.029427322
45.752975,4.831195,13979,420255,0.03326314
45.765934,4.830981,3960,172250,0.022989841
45.76348,4.845578,11778,275000,0.042829093
45.7558,4.783345,4410,149908,0.029418044
45.754887,4.854281,10404,357000,0.029142857
45.76654,4.8678427,7083,161000,0.04399379
45.75364,4.8584185,8441,320000,0.026378125
45.772762,4.822435,5157,258555,0.019945467
45.747948,4.82313,8148,159366,0.051127594
45.77657,4.828702,4667,269064,0.017345315
45.749718,4.8747835,4613,238275,0.019359984
45.767815,4.863332,0,348750,0.0
